{
    "train": {
        "r2": 0.711677261352022,
        "mse": 67955.05002897706,
        "mad": 77.64877761484425
    }
}