{
    "train": {
        "r2": 0.6311240819437306,
        "mse": 86940.70257359643,
        "mad": 67.96481323242188
    }
}