{
    "train": {
        "r2": 0.8618637580114705,
        "mse": 32557.457241020253,
        "mad": 26.92
    },
    "test": {
        "r2": 0.8618637580114705,
        "mse": 32557.457241020253,
        "mad": 26.92
    }
}