{
    "train": {
        "r2": 0.8498340758520353,
        "mse": 35392.74403390548,
        "mad": 27.049999999999997
    }
}